id;payload;updated_at
1;../fake-data/blob/hipster.txt;2026-06-20T06:10:14
2;../fake-data/blob/hipster.txt;2026-06-20T21:15:06
3;../fake-data/blob/hipster.txt;2026-06-20T13:10:48
4;../fake-data/blob/hipster.txt;2026-06-20T13:14:29
5;../fake-data/blob/hipster.txt;2026-06-20T15:46:09
6;../fake-data/blob/hipster.txt;2026-06-20T16:45:28
7;../fake-data/blob/hipster.txt;2026-06-20T19:57:08
8;../fake-data/blob/hipster.txt;2026-06-20T04:40:56
9;../fake-data/blob/hipster.txt;2026-06-20T02:25:15
10;../fake-data/blob/hipster.txt;2026-06-20T21:44:59
