id;label;r_2_object_key;parsed_json;status;created_at
1;only heartfelt outfox;aside;../fake-data/blob/hipster.txt;CONFIRMED;2026-06-20T09:03:56
2;stranger fold;er burdensome;../fake-data/blob/hipster.txt;NEEDS_REVIEW;2026-06-20T07:42:16
3;coordinated;nor psst specific;../fake-data/blob/hipster.txt;NEEDS_REVIEW;2026-06-20T09:24:03
4;chip pleasing whoever;issue;../fake-data/blob/hipster.txt;CONFIRMED;2026-06-20T20:18:17
5;bungalow forenenst accompanist;nor;../fake-data/blob/hipster.txt;CONFIRMED;2026-06-20T15:51:13
6;versus inasmuch um;wrongly lowball;../fake-data/blob/hipster.txt;CONFIRMED;2026-06-20T09:25:29
7;thoughtfully ack fooey;dispose;../fake-data/blob/hipster.txt;CONFIRMED;2026-06-20T09:54:53
8;colorfully;whereas er cross-contamination;../fake-data/blob/hipster.txt;CONFIRMED;2026-06-20T23:43:01
9;safe dredger parched;through under after;../fake-data/blob/hipster.txt;CONFIRMED;2026-06-20T17:22:17
10;emphasise out;opposite;../fake-data/blob/hipster.txt;NEEDS_REVIEW;2026-06-20T02:44:48
